{
    "loss": 29.496625900268555,
    "accuracy": 0.5686274766921997
}